Postal Code,
M4W 1G9,
M3B 1Y6,
M6H 0A1,
M6H 0A6,
M6H 0A8,
M6H 0A9,
M6H 0B6,
M6H 0C2,
M6H 0C5,
M6H 0C7,
M6H 1A1,
M6H 1A2,
M6H 1A3,
M6H 1A4,
M6H 1A5,
M6H 1A6,
M6H 1A7,
M6H 1A8,
M6H 1A9,
M6H 1B1,
M6H 1B2,
M6H 1B3,
M6H 1B4,
M6H 1B5,
M6H 1B6,
M6H 1B7,
M6H 1B8,
M6H 1B9,
M6H 1C1,
M6H 1C2,
M6H 1C3,
M6H 1C4,
M6H 1C5,
M6H 1C6,
M6H 1C7,
M6H 1C8,
M6H 1C9,
M6H 1E1,
M6H 1E2,
M6H 1E3,
M6H 1E4,
M6H 1E5,
M6H 1E6,
M6H 1E7,
M6H 1E8,
M6H 1E9,
M6H 1G1,
M6H 1G2,
M6H 1G3,
M6H 1G4,
M6H 1G5,
M6H 1G6,
M6H 1G7,
M6H 1G8,
M6H 1G9,
M6H 1H1,
M6H 1H2,
M6H 1H3,
M6H 1H4,
M6H 1H5,
M6H 1H6,
M6H 1H7,
M6H 1H8,
M6H 1H9,
M6H 1J1,
M6H 1J2,
M6H 1J3,
M6H 1J4,
M6H 1J5,
M6H 1J6,
M6H 1J7,
M6H 1J8,
M6H 1J9,
M6H 1K1,
M6H 1K2,
M6H 1K3,
M6H 1K4,
M6H 1K5,
M6H 1K6,
M6H 1K7,
M6H 1K8,
M6H 1K9,
M6H 1L0,
M6H 1L1,
M6H 1L2,
M6H 1L4,
M6H 1L5,
M6H 1L6,
M6H 1L7,
M6H 1L8,
M6H 1L9,
M6H 1M1,
M6H 1M2,
M6H 1M3,
M6H 1M4,
M6H 1M5,
M6H 1M6,
M6H 1M7,
M6H 1M8,
M6H 1M9,
M6H 1N1,
M6H 1N2,
M6H 1N3,
M6H 1N4,
M6H 1N5,
M6H 1N6,
M6H 1N7,
M6H 1N8,
M6H 1N9,
M6H 1P1,
M6H 1P2,
M6H 1P3,
M6H 1P4,
M6H 1P5,
M6H 1P6,
M6H 1P7,
M6H 1P8,
M6H 1P9,
M6H 1R1,
M6H 1R2,
M6H 1R3,
M6H 1R4,
M6H 1R5,
M6H 1R6,
M6H 1R7,
M6H 1R8,
M6H 1R9,
M6H 1S1,
M6H 1S2,
M6H 1S3,
M6H 1S4,
M6H 1S5,
M6H 1S6,
M6H 1S7,
M6H 1S8,
M6H 1S9,
M6H 1T1,
M6H 1T2,
M6H 1T3,
M6H 1T4,
M6H 1T5,
M6H 1T6,
M6H 1T8,
M6H 1T9,
M6H 1V1,
M6H 1V2,
M6H 1V3,
M6H 1V4,
M6H 1V5,
M6P 0A1,
M6P 0A2,
M6P 0A6,
M6P 0A8,
M6P 0B2,
M6P 0B3,
M6P 0B6,
M6P 1A1,
M6P 1A3,
M6P 1A4,
M6P 1A5,
M6P 1A6,
M6P 1A7,
M6P 1A8,
M6P 1A9,
M6P 1B1,
M6P 1B2,
M6P 1B3,
M6P 1B5,
M6P 1B6,
M6P 1B7,
M6P 1B8,
M6P 1B9,
M6P 1C1,
M6P 1C2,
M6P 1C3,
M6P 1C4,
M6P 1C5,
M6P 1C6,
M6P 1C7,
M6P 1C8,
M6P 1C9,
M6P 1E1,
M6P 1E2,
M6P 1E3,
M6P 1E4,
M6P 1E5,
M6P 1E6,
M6P 1E7,
M6P 1E8,
M6P 1E9,
M6P 1G1,
M6P 1G2,
M6P 1G3,
M6P 1G4,
M6P 1G5,
M6P 1G6,
M6P 1G7,
M6P 1G8,
M6P 1G9,
M6P 1H1,
M6P 1H2,
M6P 1H3,
M6P 1H4,
M6P 1H5,
M6P 1H6,
M6P 1H7,
M6P 1H8,
M6P 1H9,
M6P 1J1,
M6P 1J2,
M6P 1J3,
M6P 1J4,
M6P 1J5,
M6P 1J6,
M6P 1J7,
M6P 1J8,
M6P 1J9,
M6P 1K1,
M6P 1K2,
M6P 1K3,
M6P 1K4,
M6P 1K5,
M6P 1K6,
M6P 1K7,
M6P 1K8,
M6P 1K9,
M6P 1L1,
M6P 1L2,
M6P 1L3,
M6P 1L4,
M6P 1L5,
M6P 1L6,
M6P 1L7,
M6P 1L8,
M6P 1L9,
M6P 1M1,
M6P 1M2,
M6P 1M3,
M6P 1M4,
M6P 1M5,
M6P 1M6,
M6P 1M7,
M6P 1M8,
M6P 1M9,
M6P 1N1,
M6P 1N2,
M6P 1N3,
M6P 1N4,
M6P 1N5,
M6P 1N6,
M6P 1N7,
M6P 1N8,
M6P 1N9,
M6P 1P1,
M6P 1P2,
M6P 1P3,
M6P 1P4,
M6P 1P5,
M6P 1P6,
M6P 1P7,
M6P 1P8,
M6P 1P9,
M6P 1R1,
M6P 1R2,
M6P 1R3,
M6P 1R4,
M6P 1R5,
M6P 1R6,
M6P 1R7,
M6P 1R8,
M6P 1R9,
M6P 1S1,
M6P 1S2,
M6P 1S3,
M6P 1S4,
M6P 1S5,
M6P 1S6,
M6P 1S7,
M6P 1S8,
M6P 1S9,
M6P 1T1,
M6P 1T2,
M6P 1T3,
M6P 1T4,
M6P 1T5,
M6P 1T6,
M6P 1T7,
M6P 1T8,
M6P 1T9,
M6P 1V1,
M6P 1V2,
M6P 1V3,
M6P 1V4,
M6P 1V5,
M6P 1V6,
M6P 1V7,
M6P 1V8,
M6P 1V9,
M6P 1W1,
M6P 1W2,
M6P 1W3,
M6P 1W4,
M6P 1W5,
M6P 1W6,
M6P 1W7,
M6P 1W8,
M6P 1W9,
M6P 1X1,
M6P 1X2,
M6P 1X3,
M6P 1X4,
M6P 1X5,
M6P 1X6,
M6P 1X7,
M6P 1X8,
M6P 1X9,
M6P 1Y1,
M6P 1Y2,
M6P 1Y3,
M6P 1Y4,
M6P 1Y5,
M6P 1Y6,
M6P 1Y7,
M6P 1Y8,
M6P 1Y9,
M6P 1Z1,
M6P 1Z2,
M6P 1Z3,
M6P 1Z4,
M6P 1Z5,
M6P 1Z6,
M6P 1Z7,
M6P 1Z8,
M6P 1Z9,
M9A 0A1,
M9A 0A2,
M9A 0A3,
M9A 0A4,
M9A 0A5,
M9A 0A6,
M9A 0A7,
M9A 0A8,
M9A 0A9,
M9A 0B1,
M9A 0B2,
M9A 0B3,
M9A 0B4,
M9A 0B5,
M9A 0B6,
M9A 0B7,
M9A 0B8,
M9A 0B9,
M9A 1A1,
M9A 1A2,
M9A 1A3,
M9A 1A4,
M9A 1A5,
M9A 1A6,
M9A 1A7,
M9A 1A8,
M9A 1A9,
M9A 1B1,
M9A 1B2,
M9A 1B3,
M9A 1B4,
M9A 1B5,
M9A 1B6,
M9A 1B7,
M9A 1B8,
M9A 1B9,
M9A 1C1,
M9A 1C2,
M9A 1C3,
M9A 1C4,
M9A 1C5,
M9A 1C6,
M9A 1C7,
M9A 1C8,
M9A 1C9,
M9A 1E1,
M9A 1E2,
M9A 1E3,
M9A 1E4,
M9A 1E5,
M9A 1E6,
M9A 1E7,
M9A 1E8,
M9A 1E9,
M9A 1G1,
M9A 1G2,
M9A 1G3,
M9A 1G4,
M9A 1G5,
M9A 1G6,
M9A 1G7,
M9A 1G8,
M9A 1G9,
M9A 1H1,
M9A 1H2,
M9A 1H3,
M9A 1H4,
M9A 1H5,
M9A 1H6,
M9A 1H7,
M9A 1H8,
M9A 1H9,
M9A 1J1,
M9A 1J2,
M9A 1J3,
M9A 1J4,
M9A 1J5,
M9A 1J6,
M9A 1J7,
M9A 1J8,
M9A 1J9,
M9A 1K1,
M9A 1K2,
M9A 1K3,
M9A 1K4,
M9A 1K5,
M9A 1K6,
M9A 1K7,
M9A 1K8,
M9A 1K9,
M9A 1L1,
M9A 1L2,
M9A 1L3,
M9A 1L4,
M9A 1L5,
M9A 1L6,
M9A 1L7,
M9A 1L8,
M9A 1L9,
M9A 1M1,
M9A 1M2,
M9A 1M3,
M9A 1M4,
M9A 1M5,
M9A 1M6,
M9A 1M7,
M9A 1M8,
M9A 1M9,
M9A 1N1,
M9A 1N2,
M9A 1N3,
M9A 1N4,
M9A 1N5,
M9A 1N6,
M9A 1N7,
M9A 1N8,
M9A 1N9,
M9A 1P1,
M9A 1P2,
M9A 1P3,
M9A 1P4,
M9A 1P5,
M9A 1P6,
M9A 1P7,
M9A 1P8,
M9A 1P9,
M9A 1R1,
M9A 1R2,
M9A 1R3,
M9A 1R4,
M9A 1R5,
M9A 1R6,
M9A 1R7,
M9A 1R8,
M9A 1R9,
M9A 1S1,
M9A 1S2,
M9A 1S3,
M9A 1S4,
M9A 1S5,
M9A 1S6,
M9A 1S7,
M9A 1S8,
M9A 1S9,
M9A 1T1,
M9A 1T2,
M9A 1T3,
M9A 1T4,
M9A 1T5,
M9A 1T6,
M9A 1T7,
M9A 1T8,
M9A 1T9,
M9A 1V1,
M9A 1V2,
M9A 1V3,
M9A 1V4,
M9A 1V5,
M9A 1V6,
M9A 1V7,
M9A 1V8,
M9A 1V9,
M9A 1W1,
M9A 1W2,
M9A 1W3,
M9A 1W4,
M9A 1W5,
M9A 1W6,
M9A 1W7,
M9A 1W8,
M9A 1W9,
M9A 1X1,
M9A 1X2,
M9A 1X3,
M9A 1X4,
M9A 1X5,
M9A 1X6,
M9A 1X7,
M9A 1X8,
M9A 1X9,
M9A 1Y1,
M9A 1Y2,
M9A 1Y3,
M9A 1Y4,
M9A 1Y5,
M9A 1Y6,
M9A 1Y7,
M9A 1Y8,
M9A 1Y9,
M9A 1Z1,
M9A 1Z2,
M9A 1Z3,
M9A 1Z4,
M9A 1Z5,
M9A 1Z6,
M9A 1Z7,
M9A 1Z8,
M9A 1Z9,
M9P 0A1,
M9P 0A2,
M9P 1A1,
M9P 1A2,
M9P 1A3,
M9P 1A4,
M9P 1A5,
M9P 1A6,
M9P 1A7,
M9P 1A8,
M9P 1A9,
M9P 1B1,
M9P 1B2,
M9P 1B3,
M9P 1B4,
M9P 1B5,
M9P 1B6,
M9P 1B7,
M9P 1B8,
M9P 1B9,
M9P 1C1,
M9P 1C2,
M9P 1C3,
M9P 1C4,
M9P 1C5,
M9P 2K3,
M9P 2K4,
M9P 2K5,
M9P 2K6,
M9P 2K7,
M9P 2K8,
M9P 2K9,
M9P 2L1,
M9P 2L2,
M9P 2L3,
M9P 2L4,
M9P 2L5,
M9P 2L6,
M9P 2L7,
M9P 2L8,
M9P 2L9,
M9P 2M1,
M9P 2M2,
M9P 2M3,
M9P 2M4,
M9P 2M5,
M9P 2M6,
M9P 2M7,
M9P 2M8,
M9P 2M9,
M9P 2N1,
M9P 2N2,
M9P 2N3,
M9P 2N4,
M9P 2N5,
M9P 2N6,
M9P 2N7,
M9P 2N8,
M9P 2N9,
M9P 2P1,
M9P 2P2,
M9P 2P3,
M9P 2P4,
M9P 2P5,
M9P 2P6,
M9P 2P7,
M9P 2P8,
M9P 2P9,
M9P 2T4,
M9P 2T5,
M9P 2T6,
M9P 2T7,
M9P 2T8,
M9P 2T9,
M9P 2V1,
M9P 2V2,
M9P 2V3,
M9P 2V4,
M9P 2V5,
M9P 2V6,
M9P 2V7,
M9P 2V8,
M9P 2V9,
M9P 2W1,
M9P 2W2,
M9P 2W3,
M9P 2W4,
M9P 2W5,
M9P 2W6,
M9P 2W7,
M9P 2W8,
M9P 2W9,
M9P 2X1,
M9P 2X2,
M9P 2X3,
M9P 2X4,
M9P 2X5,
M9P 2X6,
M9P 2X7,
M9P 2X8,
M9P 2X9,
M9P 2Y1,
M9P 2Y2,
M9P 2Y3,
M9P 2Y4,
M9P 2Y5,
M9P 2Y6,
M9P 2Y7,
M9P 2Y8,
M9P 2Y9,
M9P 2Z1,
M9P 2Z2,
M9P 2Z3,
M9P 2Z4,
M9P 2Z5,
M9P 2Z6,
M9P 2Z7,
M9P 2Z8,
M9P 2Z9,
M9P 3A1,
M9P 3A2,
M9P 3A3,
M9P 3A4,
M9P 3A5,
M9P 3A6,
M9P 3A7,
M9P 3A8,
M9P 3A9,
M9P 3B1,
M9P 3B2,
M9P 3B3,
M9P 3B4,
M9P 3B5,
M9P 3B6,
M9P 3B7,
M9P 3B8,
M9P 3B9,
M9P 3C1,
M9P 3C2,
M9P 3C3,
M9P 3C4,
M9P 3C5,
M9P 3C6,
M9P 3C7,
M9P 3C8,
M9P 3C9,
M9P 3R1,
M9P 3R2,
M9P 3R3,
M9P 3R4,
M9P 3R5,
M9P 3R6,
M9P 3R7,
M9P 3R8,
M9P 3R9,
M9C 0A1,
M9C 0A2,
M9C 0A3,
M9C 0A4,
M9C 0A5,
M9C 0A6,
M9C 0A7,
M9C 0A8,
M9C 0A9,
M9C 0B4,
M9C 0C1,
M9C 1A1,
M9C 1A2,
M9C 1A3,
M9C 1A4,
M9C 1A5,
M9C 1A6,
M9C 1A7,
M9C 1A8,
M9C 1B1,
M9C 1B2,
M9C 1B3,
M9C 1B4,
M9C 1B5,
M9C 1B6,
M9C 1B8,
M9C 1C9,
M9C 1S9,
M9C 2W1,
M9C 3N5,
M9C 3R7,
M9C 3S9,
M9C 3T9,
M9C 4X7,
M9C 5B4,
M9C 5C3,
M9C 5N5,
M1V 0A2,
M1V 0A3,
M1V 0A4,
M1V 0A5,
M1V 0A6,
M1V 0A7,
M1V 0A8,
M1V 0A9,
M1V 0B1,
M1V 0B2,
M1V 0B3,
M1V 0B4,
M1V 0B5,
M1V 0B6,
M1V 0B7,
M1V 0B8,
M1V 0B9,
M1V 0C1,
M1V 0C2,
M1V 0C3,
M1V 0C4,
M1V 0C5,
M1V 0C6,
M1V 1A1,
M1V 1A2,
M1V 1A3,
M1V 1A4,
M1V 1A5,
M1V 1A6,
M1V 1A7,
M1V 1A8,
M1V 1A9,
M1V 1B1,
M1V 1B2,
M1V 1B3,
M1V 1B4,
M1V 1B5,
M1V 1B6,
M1V 1B7,
M1V 1B8,
M1V 1B9,
M1V 1C1,
M1V 1C2,
M1V 1C3,
M1V 1C4,
M1V 1C5,
M1V 1C6,
M1V 1C7,
M1V 1C8,
M1V 1C9,
M1V 1E1,
M1V 1E2,
M1V 1E3,
M1V 1E4,
M1V 1E5,
M1V 1E6,
M1V 1E7,
M1V 1E8,
M1V 1E9,
M1V 1G1,
M1V 1G2,
M1V 1G3,
M1V 1G4,
M1V 1G5,
M1V 1G6,
M1V 1G7,
M1V 1G8,
M1V 1G9,
M1V 1H1,
M1V 1H2,
M1V 1H3,
M1V 1H4,
M1V 1H5,
M1V 1H6,
M1V 1H7,
M1V 1H8,
M1V 1H9,
M1V 1J1,
M1V 1J2,
M1V 1J3,
M1V 1J4,
M1V 1J5,
M1V 1J6,
M1V 1J7,
M1V 1J8,
M1V 1J9,
M1V 1K1,
M1V 1K2,
M1V 1K3,
M1V 1K4,
M1V 1K5,
M1V 1K6,
M1V 1K7,
M1V 1K8,
M1V 1K9,
M1V 1L1,
M1V 1L2,
M1V 1L3,
M1V 1L4,
M1V 1L5,
M1V 1L6,
M1V 1L7,
M1V 1L8,
M1V 1L9,
M1V 1M1,
M1V 1M2,
M1V 1M3,
M1V 1M4,
M1V 1M5,
M1V 1M6,
M1V 1M7,
M1V 1M8,
M1V 1M9,
M1V 1N1,
M1V 1N2,
M1V 1N3,
M1V 1N4,
M1V 1N5,
M1V 1N6,
M1V 1N7,
M1V 1N8,
M1V 1N9,
M1V 1P1,
M1V 1P2,
M1V 1P3,
M1V 1P4,
M1V 1P5,
M1V 1P6,
M1V 1P7,
M1V 1P8,
M1V 1P9,
M1V 1R1,
M1V 1R2,
M1V 1R3,
M1V 1R4,
M1V 1R5,
M1V 1R6,
M1V 1R7,
M1V 1R8,
M1V 1R9,
M1V 1S1,
M1V 1S2,
M1V 1S3,
M1V 1S4,
M1V 1S5,
M1V 1S6,
M1V 1S7,
M1V 1S8,
M1V 1S9,
M1V 1T1,
M1V 1T2,
M1V 1T3,
M1V 1T4,
M1V 1T5,
M1V 1T6,
M1V 1T7,
M1V 1T8,
M1V 1T9,
M1V 1V1,
M1V 1V2,
M1V 1V3,
M1V 1V4,
M1V 1V5,
M1V 1V6,
M1V 1V7,
M1V 1V8,
M1V 1V9,
M1V 1W1,
M1V 1W2,
M1V 1W3,
M1V 1W4,
M1V 1W5,
M1V 1W6,
M1V 1W7,
M1V 1W8,
M1V 1W9,
M1V 1X1,
M1V 1X2,
M1V 1X3,
M1V 1X4,
M1V 1X5,
M1V 1X6,
M1V 1X7,
M1V 1X8,
M1V 1X9,
M1V 1Y1,
M1V 1Y2,
M1V 1Y3,
M1V 1Y4,
M1V 1Y5,
M1V 1Y6,
M1V 1Y7,
M1V 1Y8,
M1V 1Y9,
M1V 1Z1,
M1V 1Z2,
M1V 1Z3,
M1V 1Z4,
M1V 1Z5,
M1V 1Z6,
M1V 1Z7,
M1V 1Z8,
M1V 1Z9,


